ID,RepID,LastName,FirstName,Address1,Address2,City,State,Country,ZipCode,Phone1,Phone2,Email
1,REP0045745,Steelman,Tracey,"831, Beagle Club Way",Bldg 6,Mt. Stewart,PE,CA,65765-9467,(555) 479-2987,(555) 679-1493,steelmant@emailserver.com
2,REP0873648,Metcalfe,Judy,"21, 32th Avenue",P.O. Box 3312,Hoover,AL,US,18460-5778,(555) 893-145,,metcalfej@emailserver.com
3,REP0961999,Dykstra,Andrea,"1004, Aster Avenue",,Brownsville,TX,US,90396-171,(555) 128-8274,(555) 491-5150,dykstraa@emailserver.com
4,REP1036326,Blaine,Logan,"1078, Radcliffe Drive",P.O. Box 6258,Dingwall,NS,CA,42015-87,(555) 595-3977,,blainel@emailserver.com
5,REP1137505,Hopson,Gregory,"79, 98th Street",Bldg 16,Green Lake,SK,CA,55305-3022,(555) 800-5463,,hopsong@emailserver.com
6,REP1544553,Brigham,Beatriz,"134, Linden Street",,Bristol,CT,US,23786-5688,(555) 698-555,,brighamb@emailserver.com
7,REP1849208,Schrock,Nikki,"1188, Kershaw Street",,Big Trout Lake,ON,CA,56042-8394,(555) 115-9570,,schrockn@emailserver.com
8,REP1947917,Westbrook,Ophelia,"492, Corbit Street",,Normandin,QC,CA,82124-612,(555) 157-2573,,westbrooko@emailserver.com
9,REP2261216,Sneed,Kari,"924, Chestnut Hill Road",,San Bernardino,CA,US,29327-1671,(555) 695-8340,,sneedk@emailserver.com
10,REP2278218,Vigue,Amalia,"1187, Christopher Lane",,Tignish,PE,CA,72842-174,(555) 470-4400,(555) 173-5052,viguea@emailserver.com
11,REP2525067,Escalante,Deloris,"523, 32th Avenue",,Schenectady,NY,US,61571-4383,(555) 226-6018,(555) 262-1175,escalanted@emailserver.com
12,REP3352040,Lima,Karina,"1099, Chickory Way",,Eckville,AB,CA,63823-5360,(555) 958-79,(555) 933-2654,limak@emailserver.com
13,REP3503189,Rosemond,Jerry,"779, Virginia Place",,Saint-Casimir,QC,CA,45577-5549,(555) 757-6044,,rosemondj@emailserver.com
14,REP3690272,Nuss,Sarah,"773, Giliberti Lane",P.O. Box 2953,Berkeley,CA,US,64539-1781,(555) 936-4742,,nusss@emailserver.com
15,REP4102861,Hart,Hershel,"326, 13th Avenue",,Regina Beach,SK,CA,25859-4483,(555) 752-3777,,harth@emailserver.com
16,REP4215662,Leininger,Cora,"1204, White Chapel Drive",P.O. Box 522,Malartic,QC,CA,88504-1755,(555) 260-7821,(555) 740-8672,leiningerc@emailserver.com
17,REP4309099,Feller,Erin,"1117, 41th Avenue",,Dorchester,NB,CA,61753-5508,(555) 848-4168,(555) 516-2956,fellere@emailserver.com
18,REP4446665,Gardener,Katina,"490, Aster Avenue",P.O. Box 5578,Livonia,MI,US,96862-5097,(555) 163-1917,,gardenerk@emailserver.com
19,REP4671070,Kimes,Mia,"919, MacDuff Court/Road",Suite 3679,Wilkie,SK,CA,22111-8581,(555) 656-3165,,kimesm@emailserver.com
20,REP5001938,Bethune,Terrence,"1001, 44th Street",,Mont-Tremblant,QC,CA,91697-7914,(555) 580-1785,(555) 415-5023,bethunet@emailserver.com
21,REP5105708,Kean,Antoine,"1171, Ash Avenue",Suite 2696,Truro,NS,CA,41069-3562,(555) 523-2919,,keana@emailserver.com
22,REP5435245,Lydon,Kennith,"649, Kenilworth Avenue",,Richmond,CA,US,42452-3136,(555) 406-9430,(555) 993-7108,lydonk@emailserver.com
23,REP5447305,Herold,Nicole,"501, 91th Avenue",P.O. Box 8016,Peace River,AB,CA,73793-8063,(555) 831-9243,(555) 771-3248,heroldn@emailserver.com
24,REP5532538,Joplin,Keven,"1164, Barksdale Road",P.O. Box 12404,Greenville,NC,US,99443-6837,(555) 340-4608,,joplink@emailserver.com
25,REP5582385,Ward,Chi,"1025, 71th Street",Suite 7952,Louiseville,QC,CA,96143-6316,(555) 697-8155,(555) 612-9607,wardc@emailserver.com
26,REP5595659,Mcclinton,Guillermo,"1118, Duke Street",P.O. Box 5838,Perticodiac,NB,CA,13109-6261,(555) 415-1372,,mcclintong@emailserver.com
27,REP5640533,Kellerman,Tommie,"129, Swarthmore Drive",P.O. Box 11560,Otterville,ON,CA,39956-5572,(555) 882-4741,(555) 590-2185,kellermant@emailserver.com
28,REP5672052,Collette,Dollie,"456, 70th Avenue",P.O. Box 14215,Chase,BC,CA,30921-4228,(555) 468-5184,(555) 864-7738,colletted@emailserver.com
29,REP5979073,Talamantes,Randy,"786, 14th Avenue",,Rio Rancho,NM,US,23274-6907,(555) 396-5853,,talamantesr@emailserver.com
30,REP6188545,Harrelson,Dawn,"821, 48th Street",,Shubenacadie,NS,CA,50616-8029,(555) 746-5605,,harrelsond@emailserver.com
31,REP6358204,Jankowski,Dorothea,"107, 71th Avenue",,Sundre,AB,CA,89204-4493,(555) 775-4264,,jankowskid@emailserver.com
32,REP6435140,Butcher,Nelda,"173, Georgian Circle",Bldg 12,Kippens,NF,CA,87906-2839,(555) 373-2370,(555) 996-5603,butchern@emailserver.com
33,REP6553306,Charest,Victor,"454, 68th Street",P.O. Box 5449,Sackville,NB,CA,51956-8056,(555) 662-5563,,charestv@emailserver.com
34,REP6570744,Crumley,Agustin,"924, Walker Way",,Salem,OR,US,68137-889,(555) 317-7171,,crumleya@emailserver.com
35,REP6616343,Deaton,Brooks,"1077, 34th Street",Suite 9831,Bloomfield,NB,CA,47154-8875,(555) 466-4306,,deatonb@emailserver.com
36,REP6790955,Lankford,Ann,"765, Longwood Lane",,Grimsby,ON,CA,75234-2413,(555) 318-6529,(555) 402-2862,lankforda@emailserver.com
37,REP7047540,Dansby,Ricky,"289, Manuel Street",Bldg 15,Atlanta,GA,US,74123-7882,(555) 185-930,(555) 771-1241,dansbyr@emailserver.com
38,REP7333564,Ake,Merrill,"283, Scotch Pine Road",,Wheatley,ON,CA,23254-3043,(555) 342-8897,(555) 513-5815,akem@emailserver.com
39,REP7908478,Travis,Tyson,"31, 40th Avenue",,Fogo,NF,CA,71802-4503,(555) 283-1270,(555) 976-761,travist@emailserver.com
40,REP7998495,Greeley,Suzanne,"392, Beagle Club Way",,Bolingbrook,IL,US,28482-6941,(555) 862-9420,,greeleys@emailserver.com
41,REP8051186,Sexton,Virgie,"997, Paper Mill Road",,Lumsden,SK,CA,72818-1739,(555) 890-220,,sextonv@emailserver.com
42,REP8260690,Lesser,Annie,"862, Briar Lane",P.O. Box 2669,New Orleans,LA,US,95256-4767,(555) 644-569,(555) 143-2700,lessera@emailserver.com
43,REP8337961,Pride,Gail,"611, 79th Avenue",Suite 9091,Cheyenne,WY,US,95665-5001,(555) 852-8841,(555) 373-8860,prideg@emailserver.com
44,REP8624513,Wentworth,Ira,"1116, Moss Court",,Belle River,ON,CA,65784-2787,(555) 646-80,,wentworthi@emailserver.com
45,REP8731552,Gober,Rosendo,"819, Duke Street",,Yamachiche,QC,CA,84522-736,(555) 588-1898,,goberr@emailserver.com
46,REP8859168,Royce,Juana,"46, 84th Street",,Utica,NY,US,10439-4763,(555) 528-3330,,roycej@emailserver.com
47,REP9235907,Blouin,Leonel,"294, Ash Avenue",P.O. Box 7947,Dieppe,NB,CA,60311-5572,(555) 882-2490,,blouinl@emailserver.com
48,REP9255503,Heisler,Tiffany,"365, 85th Street",P.O. Box 286,Harvey Station,NB,CA,98965-9454,(555) 164-6974,(555) 567-5805,heislert@emailserver.com
49,REP9334032,Mohan,Ferdinand,"223, Chrysler Avenue",P.O. Box 13514,Grunthal,MB,CA,35437-5102,(555) 218-2599,,mohanf@emailserver.com
50,REP9442225,Saucedo,Alisha,"1164, Nethy Drive",,Greenwood,BC,CA,60740-2585,(555) 556-9953,(555) 363-1712,saucedoa@emailserver.com
51,REP9479788,Legere,Sally,"459, 81th Street",,Fort Nelson,BC,CA,14705-6516,(555) 686-2677,,legeres@emailserver.com
52,REP9524823,Mckean,Dorothy,"589, Manuel Street",,Campbell Settlement,NB,CA,45590-4830,(555) 982-5690,,mckeand@emailserver.com
53,REP9792831,Dahlgren,Leopoldo,"474, Nancy's Way",P.O. Box 2491,Whittier,CA,US,85226-2734,(555) 818-5703,,dahlgrenl@emailserver.com
54,REP9798462,Fung,Doris,"1038, Minquil Drive",,Wabigoon,ON,CA,58099-8171,(555) 978-8013,,fungd@emailserver.com
